ID,Label
0img_0001.jpeg,0
0img_0001.webp,0
0img_0002 (2).jpeg,0
0img_0002 (3).jpeg,0
0img_0002.jpeg,0
0img_0003.webp,0
0img_0004 (2).jpeg,0
0img_0004.jpeg,0
0img_0004.webp,0
0img_0006.webp,0
0img_0007.jpeg,0
0img_0008 (2).jpeg,0
0img_0008.jpeg,0
0img_0008.webp,0
0img_0011.jpeg,0
0img_0012.webp,0
0img_0013 (2).webp,0
0img_0013.jpeg,0
0img_0013.webp,0
0img_0014.jpeg,0
0img_0015.jpeg,0
0img_0016 (2).jpeg,0
0img_0016.jpeg,0
0img_0017 (2).jpeg,0
0img_0017.jpeg,0
0img_0018 (2).jpeg,0
0img_0018.jpeg,0
0img_0023.jpeg,0
0img_0024.webp,0
0img_0025.jpeg,0
0img_0026 (2).jpeg,0
0img_0026.jpeg,0
0img_0028.jpeg,0
0img_0028.png,0
0img_0029.webp,0
0img_0030.jpeg,0
0img_0031 (2).jpeg,0
0img_0031.jpeg,0
0img_0032.jpeg,0
0img_0033 (2).jpeg,0
0img_0033.jpeg,0
0img_0034.jpeg,0
0img_0035.jpeg,0
0img_0036.jpeg,0
0img_0037.jpeg,0
0img_0038 (2).jpeg,0
0img_0038 (3).jpeg,0
0img_0038.jpeg,0
0img_0039.jpeg,0
0img_0041.webp,0
0img_0042.jpeg,0
0img_0045.jpeg,0
0img_0046 (2).jpeg,0
0img_0046.jpeg,0
0img_0048.png,0
0img_0049 (2).webp,0
0img_0049.png,0
0img_0049.webp,0
0img_0050.jpeg,0
0img_0050.webp,0
0img_0054.jpeg,0
0img_0055.webp,0
0img_0057.jpeg,0
0img_0058.jpeg,0
0img_0059 (2).jpeg,0
0img_0059.jpeg,0
0img_0060.jpeg,0
0img_0061.jpeg,0
0img_0063 (2).jpeg,0
0img_0063.jpeg,0
0img_0067 (2).jpeg,0
0img_0067.jpeg,0
0img_0068 (2).jpeg,0
0img_0068.jpeg,0
0img_0069.png,0
0img_0070.jpeg,0
0img_0071.jpeg,0
0img_0072.jpeg,0
0img_0072.png,0
0img_0073.webp,0
0img_0074.jpeg,0
0img_0074.webp,0
0img_0075.jpeg,0
0img_0076 (2).jpeg,0
0img_0076.jpeg,0
0img_0076.png,0
0img_0077.webp,0
0img_0078 (2).jpeg,0
0img_0078.jpeg,0
0img_0079.jpeg,0
0img_0082.jpeg,0
0img_0082.webp,0
0img_0083.png,0
0img_0083.webp,0
0img_0085.jpeg,0
0img_0085.webp,0
0img_0088.jpeg,0
0img_0089.jpeg,0
0img_0090.jpeg,0
0img_0091.jpeg,0
0img_0092.png,0
0img_0093.jpeg,0
0img_0094.jpeg,0
0img_0096.jpeg,0
0img_0097.jpeg,0
0img_0097.webp,0
0img_0098.webp,0
0img_0100.jpeg,0
0img_0100.webp,0
0img_0101.jpeg,0
0img_0102.jpeg,0
0img_0104.jpeg,0
0img_0105.jpeg,0
0img_0106.jpeg,0
0img_0107.jpeg,0
0img_0110.jpeg,0
0img_0112.jpeg,0
0img_0113.jpeg,0
0img_0113.webp,0
0img_0114.jpeg,0
0img_0114.webp,0
0img_0115.jpeg,0
0img_0116 (2).jpeg,0
0img_0116.jpeg,0
0img_0117.jpeg,0
0img_0117.webp,0
0img_0119.jpeg,0
0img_0120.jpeg,0
0img_0121.jpeg,0
0img_0122.jpeg,0
0img_0123.webp,0
0img_0126.jpeg,0
0img_0129.jpeg,0
0img_0130.jpeg,0
0img_0130.webp,0
0img_0131.jpeg,0
0img_0132.jpeg,0
0img_0132.png,0
0img_0133 (2).jpeg,0
0img_0133.jpeg,0
0img_0134.jpeg,0
0img_0135.jpeg,0
0img_0137.jpeg,0
0img_0138.jpeg,0
0img_0139.jpeg,0
0img_0139.png,0
0img_0139.webp,0
0img_0141.webp,0
0img_0142 (2).jpeg,0
0img_0142.jpeg,0
0img_0142.png,0
0img_0142.webp,0
0img_0143.webp,0
0img_0144.jpeg,0
0img_0144.png,0
0img_0146.jpeg,0
0img_0146.webp,0
0img_0147.jpeg,0
0img_0147.webp,0
0img_0149.jpeg,0
0img_0149.webp,0
0img_0151 (2).webp,0
0img_0151.png,0
0img_0151.webp,0
0img_0152.jpeg,0
0img_0153 (2).jpeg,0
0img_0153.jpeg,0
0img_0153.png,0
0img_0153.webp,0
0img_0155.jpeg,0
0img_0155.png,0
0img_0157.jpeg,0
0img_0157.webp,0
0img_0158.jpeg,0
0img_0160.jpeg,0
0img_0160.webp,0
0img_0161.jpeg,0
0img_0161.webp,0
0img_0162 (2).webp,0
0img_0162.jpeg,0
0img_0162.png,0
0img_0162.webp,0
0img_0163.jpeg,0
0img_0164 (2).webp,0
0img_0164.webp,0
0img_0165.jpeg,0
0img_0165.webp,0
0img_0169 (2).jpeg,0
0img_0169.jpeg,0
0img_0169.webp,0
0img_0170.jpeg,0
0img_0170.webp,0
0img_0173.webp,0
0img_0174.png,0
0img_0174.webp,0
0img_0178.jpeg,0
0img_0179.jpeg,0
0img_0179.png,0
0img_0182.jpeg,0
0img_0183.jpeg,0
0img_0184 (2).jpeg,0
0img_0184.jpeg,0
0img_0185.jpeg,0
0img_0185.webp,0
0img_0186.jpeg,0
0img_0188.png,0
0img_0189.jpeg,0
0img_0190.webp,0
0img_0192.webp,0
0img_0193.jpeg,0
0img_0195.webp,0
0img_0196.png,0
0img_0196.webp,0
0img_0197.jpeg,0
0img_0198.webp,0
0img_0199 (2).jpeg,0
0img_0199.jpeg,0
0img_0200 (2).jpeg,0
0img_0200.jpeg,0
0img_0202.jpeg,0
0img_0203 (2).jpeg,0
0img_0203.jpeg,0
0img_0204.jpeg,0
0img_0204.png,0
0img_0205.jpeg,0
0img_0206.jpeg,0
0img_0207 (2).jpeg,0
0img_0207.jpeg,0
0img_0207.png,0
0img_0209 (2).jpeg,0
0img_0209.jpeg,0
0img_0211.jpeg,0
0img_0212.webp,0
0img_0213.jpeg,0
0img_0214.webp,0
0img_0215.jpeg,0
0img_0216.jpeg,0
0img_0217.jpeg,0
0img_0220.jpeg,0
0img_0222.jpeg,0
0img_0223 (2).jpeg,0
0img_0223.jpeg,0
0img_0225.png,0
0img_0226.jpeg,0
0img_0226.webp,0
0img_0227.jpeg,0
0img_0228.jpeg,0
0img_0229.jpeg,0
0img_0230.jpeg,0
0img_0230.png,0
0img_0231.webp,0
0img_0232.jpeg,0
0img_0233.jpeg,0
0img_0233.webp,0
0img_0234.jpeg,0
0img_0235.jpeg,0
0img_0236.jpeg,0
0img_0237.webp,0
0img_0238.jpeg,0
0img_0239 (2).webp,0
0img_0239.webp,0
0img_0240.jpeg,0
0img_0241.jpeg,0
0img_0242.jpeg,0
0img_0244.jpeg,0
0img_0245.jpeg,0
0img_0246.webp,0
0img_0247.jpeg,0
0img_0247.webp,0
0img_0248.jpeg,0
0img_0248.webp,0
0img_0252.jpeg,0
0img_0253.jpeg,0
0img_0253.webp,0
0img_0254.jpeg,0
0img_0256.png,0
0img_0256.webp,0
0img_0258.jpeg,0
0img_0260.jpeg,0
0img_0261.webp,0
0img_0262.png,0
0img_0263.jpeg,0
0img_0264.jpeg,0
0img_0264.webp,0
0img_0265.jpeg,0
0img_0266 (2).jpeg,0
0img_0266.jpeg,0
0img_0268 (2).jpeg,0
0img_0268.jpeg,0
0img_0269.jpeg,0
0img_0270.jpeg,0
0img_0271.jpeg,0
0img_0272.jpeg,0
0img_0272.webp,0
0img_0273.jpeg,0
0img_0273.png,0
0img_0274.jpeg,0
0img_0274.png,0
0img_0275.webp,0
0img_0277.jpeg,0
0img_0278 (2).jpeg,0
0img_0278.jpeg,0
0img_0279.jpeg,0
0img_0280 (2).jpeg,0
0img_0280.jpeg,0
0img_0280.webp,0
0img_0281.jpeg,0
0img_0282 (2).jpeg,0
0img_0282.jpeg,0
0img_0283.jpeg,0
0img_0283.webp,0
0img_0284.webp,0
0img_0285 (2).jpeg,0
0img_0285.jpeg,0
0img_0286.jpeg,0
0img_0287 (2).jpeg,0
0img_0287.jpeg,0
0img_0287.png,0
0img_0288.webp,0
0img_0289.jpeg,0
0img_0290.webp,0
0img_0291.jpeg,0
0img_0291.webp,0
0img_0292.jpeg,0
0img_0293.jpeg,0
0img_0295.jpeg,0
0img_0297.jpeg,0
0img_0297.webp,0
0img_0298.jpeg,0
0img_0299.jpeg,0
0img_0300.jpeg,0
0img_0301.jpeg,0
0img_0302.jpeg,0
0img_0303.jpeg,0
0img_0304.jpeg,0
0img_0305.jpeg,0
0img_0305.webp,0
0img_0306 (2).jpeg,0
0img_0306.jpeg,0
0img_0307.jpeg,0
0img_0308 (2).jpeg,0
0img_0308.jpeg,0
0img_0309.jpeg,0
0img_0310.webp,0
0img_0312.png,0
0img_0317.jpeg,0
0img_0318.webp,0
0img_0322.webp,0
0img_0323.png,0
0img_0324.jpeg,0
0img_0325.jpeg,0
0img_0326.jpeg,0
0img_0330.jpeg,0
0img_0333.jpeg,0
0img_0338.webp,0
0img_0339.jpeg,0
0img_0344.jpeg,0
0img_0345.png,0
0img_0346.jpeg,0
0img_0347.png,0
0img_0348.webp,0
0img_0349.jpeg,0
0img_0354.jpeg,0
0img_0355.png,0
0img_0357.webp,0
0img_0358.jpeg,0
0img_0363.jpeg,0
0img_0364.jpeg,0
0img_0364.png,0
0img_0365.jpeg,0
0img_0366.jpeg,0
0img_0373.png,0
0img_0375.png,0
0img_0377.jpeg,0
0img_0384.webp,0
0img_0389.jpeg,0
0img_0392.jpeg,0
1img_0000 (2).webp,1
1img_0000.webp,1
1img_0001.webp,1
1img_0003.jpeg,1
1img_0004.jpeg,1
1img_0004.webp,1
1img_0005.webp,1
1img_0006.webp,1
1img_0008.webp,1
1img_0009.jpeg,1
1img_0009.png,1
1img_0010.jpeg,1
1img_0011 (2).jpeg,1
1img_0011.jpeg,1
1img_0012.jpeg,1
1img_0012.webp,1
1img_0013.jpeg,1
1img_0013.webp,1
1img_0014.webp,1
1img_0017.webp,1
1img_0019.jpeg,1
1img_0019.webp,1
1img_0021 (2).jpeg,1
1img_0021.jpeg,1
1img_0022.webp,1
1img_0023.jpeg,1
1img_0024.png,1
1img_0025.jpeg,1
1img_0026.jpeg,1
1img_0026.webp,1
1img_0027 (2).jpeg,1
1img_0027 (3).jpeg,1
1img_0027.jpeg,1
1img_0028.png,1
1img_0030.jpeg,1
1img_0030.png,1
1img_0030.webp,1
1img_0031.jpeg,1
1img_0031.png,1
1img_0031.webp,1
1img_0032.jpeg,1
1img_0033.jpeg,1
1img_0034.jpeg,1
1img_0035 (2).jpeg,1
1img_0035.jpeg,1
1img_0036.jpeg,1
1img_0037.jpeg,1
1img_0038 (2).jpeg,1
1img_0038.jpeg,1
1img_0038.webp,1
1img_0039.webp,1
1img_0040.jpeg,1
1img_0040.png,1
1img_0041.jpeg,1
1img_0041.png,1
1img_0042 (2).webp,1
1img_0042.webp,1
1img_0043 (2).webp,1
1img_0043.png,1
1img_0043.webp,1
1img_0044.png,1
1img_0044.webp,1
1img_0045.webp,1
1img_0046.jpeg,1
1img_0047.jpeg,1
1img_0048.jpeg,1
1img_0048.webp,1
1img_0049.jpeg,1
1img_0050 (2).webp,1
1img_0050.webp,1
1img_0051.webp,1
1img_0053.jpeg,1
1img_0053.webp,1
1img_0054.jpeg,1
1img_0055.jpeg,1
1img_0056.jpeg,1
1img_0056.webp,1
1img_0057.jpeg,1
1img_0058.webp,1
1img_0059 (2).webp,1
1img_0059.webp,1
1img_0060.jpeg,1
1img_0065.jpeg,1
1img_0066.jpeg,1
1img_0068.jpeg,1
1img_0070.jpeg,1
1img_0072.webp,1
1img_0073.jpeg,1
1img_0073.webp,1
1img_0074 (2).jpeg,1
1img_0074.jpeg,1
1img_0075.jpeg,1
1img_0076 (2).jpeg,1
1img_0076.jpeg,1
1img_0076.webp,1
1img_0077.jpeg,1
1img_0078 (2).jpeg,1
1img_0078.jpeg,1
1img_0079 (2).jpeg,1
1img_0079 (2).webp,1
1img_0079.jpeg,1
1img_0079.webp,1
1img_0081.jpeg,1
1img_0081.webp,1
1img_0082 (2).webp,1
1img_0082.jpeg,1
1img_0082.webp,1
1img_0083.jpeg,1
1img_0084 (2).jpeg,1
1img_0084.jpeg,1
1img_0084.webp,1
1img_0085.jpeg,1
1img_0085.webp,1
1img_0086.jpeg,1
1img_0086.webp,1
1img_0087 (2).jpeg,1
1img_0087.jpeg,1
1img_0087.png,1
1img_0087.webp,1
1img_0088 (2).jpeg,1
1img_0088.jpeg,1
1img_0089 (2).jpeg,1
1img_0089.jpeg,1
1img_0089.png,1
1img_0090 (2).png,1
1img_0090.png,1
1img_0090.webp,1
1img_0091 (2).webp,1
1img_0091.webp,1
1img_0092.jpeg,1
1img_0092.webp,1
1img_0093.jpeg,1
1img_0094.jpeg,1
1img_0095.jpeg,1
1img_0095.webp,1
1img_0096.jpeg,1
1img_0096.webp,1
1img_0097.webp,1
1img_0098.jpeg,1
1img_0098.webp,1
1img_0099 (2).jpeg,1
1img_0099.jpeg,1
1img_0099.webp,1
1img_0102 (2).jpeg,1
1img_0102.jpeg,1
1img_0103.webp,1
1img_0104.webp,1
1img_0105.jpeg,1
1img_0105.webp,1
1img_0106.jpeg,1
1img_0106.webp,1
1img_0107.jpeg,1
1img_0107.webp,1
1img_0108.jpeg,1
1img_0109.jpeg,1
1img_0110.webp,1
1img_0113.webp,1
1img_0114.jpeg,1
1img_0115 (2).jpeg,1
1img_0115.jpeg,1
1img_0115.webp,1
1img_0116 (2).jpeg,1
1img_0116.jpeg,1
1img_0118.jpeg,1
1img_0120.jpeg,1
1img_0121.jpeg,1
1img_0122.jpeg,1
1img_0123 (2).jpeg,1
1img_0123.jpeg,1
1img_0127 (2).webp,1
1img_0127.webp,1
1img_0128.webp,1
1img_0129.webp,1
1img_0130.png,1
1img_0130.webp,1
1img_0131.webp,1
1img_0132 (2).webp,1
1img_0132.jpeg,1
1img_0132.webp,1
1img_0133.jpeg,1
1img_0133.webp,1
1img_0134.webp,1
1img_0135.webp,1
1img_0136.jpeg,1
1img_0136.webp,1
1img_0137.jpeg,1
1img_0137.png,1
1img_0138.webp,1
1img_0139.jpeg,1
1img_0139.webp,1
1img_0140.jpeg,1
1img_0140.webp,1
1img_0141.jpeg,1
1img_0142.jpeg,1
1img_0143 (2).jpeg,1
1img_0143.jpeg,1
1img_0143.webp,1
1img_0144.jpeg,1
1img_0144.webp,1
1img_0145 (2).webp,1
1img_0145.jpeg,1
1img_0145.webp,1
1img_0147.webp,1
1img_0148.jpeg,1
1img_0149 (2).jpeg,1
1img_0149.jpeg,1
1img_0150.jpeg,1
1img_0151 (2).webp,1
1img_0151.png,1
1img_0151.webp,1
1img_0152.jpeg,1
1img_0152.webp,1
1img_0153.jpeg,1
1img_0153.png,1
1img_0154 (2).jpeg,1
1img_0154.jpeg,1
1img_0155.jpeg,1
1img_0156.webp,1
1img_0157.webp,1
1img_0159.jpeg,1
1img_0160 (2).jpeg,1
1img_0160.jpeg,1
1img_0161.webp,1
1img_0162.jpeg,1
1img_0164 (2).jpeg,1
1img_0164.jpeg,1
1img_0164.webp,1
1img_0165.jpeg,1
1img_0167.jpeg,1
1img_0167.webp,1
1img_0169 (2).jpeg,1
1img_0169.jpeg,1
1img_0170 (2).jpeg,1
1img_0170.jpeg,1
1img_0170.webp,1
1img_0171 (2).webp,1
1img_0171.webp,1
1img_0172.jpeg,1
1img_0172.webp,1
1img_0173 (2).jpeg,1
1img_0173.jpeg,1
1img_0175 (2).jpeg,1
1img_0175.jpeg,1
1img_0177.jpeg,1
1img_0177.webp,1
1img_0178.png,1
1img_0179.jpeg,1
1img_0179.webp,1
1img_0180.webp,1
1img_0182.webp,1
1img_0183.jpeg,1
1img_0183.webp,1
1img_0184.webp,1
1img_0185.webp,1
1img_0186.jpeg,1
1img_0187.jpeg,1
1img_0190.webp,1
1img_0191.jpeg,1
1img_0192.webp,1
1img_0193.png,1
1img_0194.jpeg,1
1img_0195.jpeg,1
1img_0196.webp,1
1img_0197.webp,1
1img_0198.jpeg,1
1img_0201.jpeg,1
1img_0202.jpeg,1
1img_0202.webp,1
1img_0205.jpeg,1
1img_0205.png,1
1img_0206.jpeg,1
1img_0207.jpeg,1
1img_0208.jpeg,1
1img_0209.jpeg,1
1img_0210 (2).jpeg,1
1img_0210.jpeg,1
1img_0211.png,1
1img_0212.jpeg,1
1img_0213.jpeg,1
1img_0214.webp,1
1img_0215.jpeg,1
1img_0215.webp,1
1img_0216 (2).jpeg,1
1img_0216.jpeg,1
1img_0217.jpeg,1
1img_0218.jpeg,1
1img_0219.jpeg,1
1img_0219.webp,1
1img_0220 (2).jpeg,1
1img_0220.jpeg,1
1img_0220.webp,1
1img_0221 (2).jpeg,1
1img_0221 (3).jpeg,1
1img_0221.jpeg,1
1img_0221.webp,1
1img_0222.jpeg,1
1img_0222.webp,1
1img_0223 (2).webp,1
1img_0223.webp,1
1img_0225.jpeg,1
1img_0225.webp,1
1img_0226 (2).jpeg,1
1img_0226.jpeg,1
1img_0226.webp,1
1img_0227 (2).jpeg,1
1img_0227.jpeg,1
1img_0227.webp,1
1img_0228.jpeg,1
1img_0229.jpeg,1
1img_0229.webp,1
1img_0230 (2).jpeg,1
1img_0230.jpeg,1
1img_0231.jpeg,1
1img_0232.jpeg,1
1img_0233.jpeg,1
1img_0233.webp,1
1img_0234.jpeg,1
1img_0235.jpeg,1
1img_0235.webp,1
1img_0236.jpeg,1
1img_0236.png,1
1img_0236.webp,1
1img_0237.jpeg,1
1img_0238.jpeg,1
1img_0238.webp,1
1img_0239.jpeg,1
1img_0239.png,1
1img_0240.jpeg,1
1img_0241 (2).jpeg,1
1img_0241.jpeg,1
1img_0242.jpeg,1
1img_0243.jpeg,1
1img_0244.jpeg,1
1img_0244.webp,1
1img_0245.webp,1
1img_0246.jpeg,1
1img_0247.jpeg,1
1img_0247.png,1
1img_0248 (2).webp,1
1img_0248.webp,1
1img_0249.jpeg,1
1img_0250 (2).jpeg,1
1img_0250 (3).jpeg,1
1img_0250.jpeg,1
1img_0251 (2).webp,1
1img_0251.webp,1
1img_0252 (2).webp,1
1img_0252.jpeg,1
1img_0252.webp,1
1img_0253.webp,1
1img_0254.jpeg,1
1img_0255.jpeg,1
1img_0255.webp,1
1img_0256.jpeg,1
1img_0259.jpeg,1
1img_0260.webp,1
1img_0261.webp,1
1img_0262.jpeg,1
1img_0263.jpeg,1
1img_0263.webp,1
1img_0264.jpeg,1
1img_0266.jpeg,1
1img_0267.jpeg,1
1img_0267.webp,1
1img_0269.webp,1
1img_0270.jpeg,1
1img_0272.jpeg,1
1img_0273 (2).jpeg,1
1img_0273.jpeg,1
1img_0274 (2).jpeg,1
1img_0274.jpeg,1
1img_0274.webp,1
1img_0275 (2).jpeg,1
1img_0275.jpeg,1
1img_0276.jpeg,1
1img_0276.webp,1
1img_0277.jpeg,1
1img_0277.webp,1
1img_0278.jpeg,1
1img_0279.jpeg,1
1img_0279.png,1
1img_0279.webp,1
1img_0280 (2).jpeg,1
1img_0280.jpeg,1
1img_0280.webp,1
1img_0281.webp,1
1img_0282 (2).jpeg,1
1img_0282.jpeg,1
1img_0282.png,1
1img_0283 (2).jpeg,1
1img_0283.jpeg,1
1img_0283.webp,1
1img_0284.webp,1
1img_0285 (2).jpeg,1
1img_0285.jpeg,1
1img_0286.jpeg,1
1img_0287 (2).webp,1
1img_0287.jpeg,1
1img_0287.webp,1
1img_0288 (2).jpeg,1
1img_0288.jpeg,1
1img_0288.webp,1
1img_0289.png,1
1img_0289.webp,1
1img_0290.jpeg,1
1img_0290.webp,1
1img_0291.jpeg,1
1img_0292.jpeg,1
1img_0292.webp,1
1img_0293 (2).webp,1
1img_0293.jpeg,1
1img_0293.webp,1
1img_0294 (2).webp,1
1img_0294.jpeg,1
1img_0294.webp,1
1img_0295 (2).webp,1
1img_0295.jpeg,1
1img_0295.webp,1
1img_0296 (2).jpeg,1
1img_0296.jpeg,1
1img_0297.png,1
1img_0297.webp,1
1img_0298 (2).jpeg,1
1img_0298.jpeg,1
1img_0298.webp,1
1img_0299.jpeg,1
1img_0299.webp,1
1img_0300.jpeg,1
1img_0300.webp,1
1img_0301.jpeg,1
1img_0302.webp,1
1img_0303.jpeg,1
1img_0303.webp,1
1img_0304.jpeg,1
1img_0305.jpeg,1
1img_0306.jpeg,1
1img_0307 (2).jpeg,1
1img_0307.jpeg,1
1img_0308.jpeg,1
1img_0308.webp,1
1img_0309.jpeg,1
1img_0309.webp,1
1img_0310 (2).jpeg,1
1img_0310 (2).webp,1
1img_0310.jpeg,1
1img_0310.webp,1
1img_0311.jpeg,1
1img_0312.png,1
1img_0312.webp,1
1img_0313 (2).webp,1
1img_0313.jpeg,1
1img_0313.webp,1
1img_0314 (2).jpeg,1
1img_0314 (3).jpeg,1
1img_0314.jpeg,1
1img_0315.jpeg,1
1img_0316 (2).jpeg,1
1img_0316.jpeg,1
1img_0317.png,1
1img_0317.webp,1
1img_0318.jpeg,1
1img_0320 (2).jpeg,1
1img_0320.jpeg,1
1img_0321 (2).jpeg,1
1img_0321 (3).jpeg,1
1img_0321.jpeg,1
1img_0322.jpeg,1
1img_0322.png,1
1img_0323.jpeg,1
1img_0324.jpeg,1
1img_0325.jpeg,1
1img_0326 (2).jpeg,1
1img_0326.jpeg,1
1img_0327.jpeg,1
1img_0327.png,1
1img_0329.jpeg,1
1img_0330.jpeg,1
1img_0331.jpeg,1
1img_0332.jpeg,1
1img_0332.png,1
1img_0332.webp,1
1img_0333 (2).jpeg,1
1img_0333.jpeg,1
1img_0334.webp,1
1img_0335.png,1
1img_0335.webp,1
1img_0336.jpeg,1
1img_0337 (2).jpeg,1
1img_0337.jpeg,1
1img_0338 (2).jpeg,1
1img_0338.jpeg,1
1img_0339.jpeg,1
1img_0340.jpeg,1
1img_0341 (2).jpeg,1
1img_0341.jpeg,1
1img_0341.png,1
1img_0342 (2).jpeg,1
1img_0342.jpeg,1
1img_0343.jpeg,1
1img_0343.webp,1
1img_0344.jpeg,1
1img_0344.webp,1
1img_0345.webp,1
1img_0346.jpeg,1
1img_0347.jpeg,1
1img_0349.webp,1
1img_0350.jpeg,1
1img_0351.jpeg,1
1img_0351.png,1
1img_0352.jpeg,1
1img_0353.webp,1
